<?xml version="1.0" encoding="UTF-8" ?>

<beans 
	xmlns="http://www.springframework.org/schema/beans"
	xmlns:xsi="http://www.w3.org/2001/XMLSchema-instance"
	xsi:schemaLocation="http://www.springframework.org/schema/beans http://www.springframework.org/schema/beans/spring-beans-2.0.xsd http://www.springframework.org/schema/aop http://www.springframework.org/schema/aop/spring-aop.xsd"
	>

	<!-- 
		/properties/ldap/ldap.xml
		The configuration file for domain services.
		This file is referenced by /properties/applicationContext.xml.
	-->

	<bean id="ldapUserService"
		class="org.esupportail.commons.services.ldap.SearchableLdapUserServiceImpl" >
		<description>
			This bean provides LDAP facilities to all the other beans.
			It must implement interface
			org.esupportail.commons.services.ldap.LdapUserService. This service is
			used both for searching the attributes of connected users
			and also for searchin users (get their id from a part of
			their identity). In the example below, if "smith" is the
			search string, the search filter will be "cn=*SMITH*", and
			the corresponding users' ids will be found in attribute uid.
			This class caches the results of the LDAP requests and
			supports statistics retrieval.
		</description>
		<property name="i18nService" ref="i18nService">
			<description>
				The i18nService, used for statistics.
			</description>
		</property>
		<property name="ldapTemplate" ref="ldapTemplate">
			<description>
				The LDAP template used to access the LDAP directory.
			</description>
		</property>
		<property name="dnSubPath" value="ou=people">
			<description>The DN sub path.</description>
		</property>
		<property name="idAttribute" value="uid">
			<description>
				The LDAP attribute that stores the unique identifier of
				users in the LDAP directory (optional, "uid" by
				default).
			</description>
		</property>
		<property name="attributes">
			<description>
				The LDAP attributes to retrieve.
			</description>
			<list>
				<value>cn</value>
				<value>displayName</value>
				<value>employeeType</value>
				<value>departmentNumber</value>
				<value>homeDirectory</value>
			</list>
		</property>
		<property name="searchAttribute" value="cn">
			<description>The LDAP attribute to search for.</description>
		</property>
		<property name="searchDisplayedAttributes">
			<description>
				The LDAP attributes to display when searching for users.
			</description>
			<list>
				<value>cn</value>
				<value>displayName</value>
				<value>employeeType</value>
				<value>departmentNumber</value>
			</list>
		</property>
		<property name="cacheManager" ref="cacheManager">
			<description>The cache manager, required.</description>
		</property>
		<property name="cacheName" value="">
			<description>The name of the cache, optional.</description>
		</property>
		<property name="testFilter" value="cn=*smith*" >
			<description>
				The LDAP filter that will be taken into account when using 
				ant target test-ldap.
			</description>
		</property>
	</bean>

	<bean id="ldapTemplate" class="org.springframework.ldap.LdapTemplate">
		<description>
			The LDAP template used to acces the LDAP directory. See
			http://ldaptemplate.sourceforge.net.
		</description>
		<property name="contextSource" ref="contextSource">
			<description>
				The data source used by the LDAP template.
			</description>
		</property>
	</bean>

	<bean id="contextSource"
		class="org.springframework.ldap.support.LdapContextSource">
		<description>
			This bean describes the physical acces to the LDAP
			directory. In the example below, anonymous and unsecured
			connections will be done to the LDAP directory running on
			server ldap.esup-portail.org on port 389, using the search
			base ou=people,dc=esup-portail,dc=edu, with scope "sub". See
			http://ldaptemplate.sourceforge.net.
		</description>
		<property name="url"
			value="ldap://ldap.esup-portail.org:389">
			<description>The LDAP URL of the directory.</description>
		</property>
		<property name="userName" value="">
			<description>
				The dn used to bind to the LDAP directory.
			</description>
		</property>
		<property name="password" value="">
			<description>
				The password used to bind to the LDAP directory.
			</description>
		</property>
		<property name="base"
			value="dc=esup-portail,dc=org">
			<description>The search base (mandatory).</description>
		</property>
		<property name="baseEnvironmentProperties">
			<description>
				The environment properties, for instance to set the
				timeout.
			</description>
			<map>
				<entry key="com.sun.jndi.ldap.connect.timeout"
					value="5000" />
			</map>
		</property>
	</bean>

</beans>
