<?xml version="1.0" encoding="UTF-8" ?>

<beans 
	xmlns="http://www.springframework.org/schema/beans"
	xmlns:xsi="http://www.w3.org/2001/XMLSchema-instance"
	xsi:schemaLocation="http://www.springframework.org/schema/beans http://www.springframework.org/schema/beans/spring-beans-2.0.xsd http://www.springframework.org/schema/aop http://www.springframework.org/schema/aop/spring-aop.xsd"
	>

	<!-- 
		/properties/applicationContext.xml
		The main Spring configuration file.
		This file should not be modified but by the developers.
		This file is referenced by /webapp/WEB-INF/web.xml.
	-->

	<import resource="auth/auth.xml" />
	<import resource="cache/cache.xml" />
	<import resource="dao/dao.xml" />
	<import resource="deepLinking/deepLinking.xml" />
 	<import resource="domain/domain.xml" />
	<import resource="exceptionHandling/exceptionHandling.xml" />
	<import resource="i18n/i18n.xml" />
	<import resource="ldap/ldap.xml" />
	<import resource="misc/abstractBeans.xml" />
	<import resource="misc/application.xml" />
	<import resource="portal/portal.xml" />
	<import resource="smtp/smtp.xml" />
	<import resource="init/init.xml" />
	<import resource="tags/tags.xml" />
	<import resource="urlGeneration/urlGeneration.xml" />
	<import resource="web/controllers.xml" />
	<import resource="web/converters.xml" />

	<bean
		id="null"
		class="org.esupportail.commons.utils.NullFactory"
		factory-method="create" >
	</bean>

</beans>
