<?xml version="1.0" encoding="UTF-8" ?>

<beans 
	xmlns="http://www.springframework.org/schema/beans"
	xmlns:xsi="http://www.w3.org/2001/XMLSchema-instance"
	xsi:schemaLocation="http://www.springframework.org/schema/beans http://www.springframework.org/schema/beans/spring-beans-2.0.xsd http://www.springframework.org/schema/aop http://www.springframework.org/schema/aop/spring-aop.xsd"
	>

	<!-- 
		/properties/portal/portal.xml
		The configuration file for portal services.
		This file is referenced by /properties/applicationContext.xml.
		Rename of the two beans below to portalService.
	-->

	<!-- 
		rename one of the beans portalService.servlet or portalService.portlet  
		to portalService and adapt to your own needs.
	-->

	<bean 
		id="portalService.portlet" 
		class="org.esupportail.portal.ws.client.support.uportal.CachingUportalServiceImpl"
		>
		<property name="url" value="http://localhost/services/UportalService">
			<description>The URL that responds to the portal web service.</description>
		</property>
		<property name="testUserId" value="paubry">
			<description>A test user id, used by the ant target test-portal.</description>
		</property>
		<property name="testGroupId" value="local.0">
			<description>A test group id, used by the ant target test-portal.</description>
		</property>
		<property name="testGroupName" value="Tous les groupes de personnes">
			<description>A test group name, used by the ant target test-portal.</description>
		</property>
		<property name="cacheManager" ref="cacheManager">
			<description>The cache manager, required.</description>
		</property>
		<property name="cacheName" value="">
			<description>The name of the cache, optional.</description>
		</property>
	</bean>

	<bean 
		id="portalService.servlet" 
		class="org.esupportail.commons.services.portal.NotSupportedPortalServiceImpl"
		>
	</bean>

</beans>