<Server port="${tomcat.shutdown-port}" shutdown="SHUTDOWN">

	<Listener className="org.apache.catalina.core.AprLifecycleListener" />
	<Listener
		className="org.apache.catalina.mbeans.ServerLifecycleListener" />
	<Listener
		className="org.apache.catalina.mbeans.GlobalResourcesLifecycleListener" />
	<Listener
		className="org.apache.catalina.storeconfig.StoreConfigLifecycleListener" />

	<Service name="Catalina">
		<Connector 
			port="${tomcat.port}" 
			maxHttpHeaderSize="8192"
			maxThreads="150" 
			minSpareThreads="25" 
			maxSpareThreads="75"
			enableLookups="false" 
			redirectPort="8443" 
			acceptCount="100"
			connectionTimeout="20000" 
			disableUploadTimeout="true" />
		<Engine 
			name="Catalina" 
			defaultHost="${tomcat.host}">
			<Host 
				name="${tomcat.host}" 
				appBase="webapps"
				unpackWARs="true" 
				autoDeploy="true" 
				xmlValidation="false"
				xmlNamespaceAware="false">
				<Context 
					path="${tomcat.path}" 
					docBase="${deploy.home}"
					crossContext="true" 
					reloadable="false">
					<Manager
						className="org.apache.catalina.session.StandardManager"
						pathname="${tomcat.path}" />
				</Context>
			</Host>
		</Engine>
	</Service>
</Server>
